"Litres of Alcohol (Annual-Dec)","","",""
"","Beer containing between 4.351% and 5.000% alc","Beer containing more than 5.00% alcohol","Total beer"
2003,2.496,1.114,13.070
2004,2.708,1.236,13.102
2005,3.197,1.257,13.296
2006,3.520,0.847,13.000
2007,4.416,0.509,13.170
2008,4.847,0.466,13.641
2009,4.859,0.357,12.972
2010,5.229,0.450,12.773
2011,5.422,0.459,12.821
2012,4.972,0.742,12.037
2013,5.471,0.660,12.424
2014,5.569,0.696,12.138
2015,5.567,0.959,12.097
2016,5.920,1.121,12.610
2017,6.160,1.497,12.620
2018,6.496,1.809,12.908
2019,6.387,2.003,13.134
2020,5.950,2.324,12.949
2021,6.597,2.433,12.999
2022,8.309,1.729,13.183
2023,7.986,1.673,12.615
"Table information:"
"Units:"
"Litres, Magnitude = Millions"
""
"Footnotes:"
" "
"Symbols:"
".. figure not available"
"C: Confidential"
"E: Early Estimate"
"P: Provisional"
"R: Revised"
"S: Suppressed"
""
"Status flags are not displayed"
""
"Table reference: "
"ALC016AA"
""
"Last updated:"
"23 May 2024 10:45am"
""
"Source: Statistics New Zealand"
"Contact: Information Centre"
"Telephone: 0508 525 525"
"Email:info@stats.govt.nz"
""
""
""
