"Litres of Alcohol (Annual-Dec)","","",""
"","Total wine containing not more than 14% alc.","Total wine containing more than 14% alcohol","Total wine"
2003,8.561,0.236,8.797
2004,9.101,0.195,9.296
2005,9.714,0.169,9.883
2006,10.212,0.164,10.375
2007,10.027,0.173,10.200
2008,10.280,0.138,10.418
2009,10.409,0.120,10.529
2010,11.210,0.127,11.337
2011,10.564,0.106,10.670
2012,10.685,0.092,10.777
2013,10.833,0.065,10.898
2014,11.435,0.083,11.518
2015,10.739,0.101,10.840
2016,11.251,0.099,11.350
2017,11.406,0.090,11.495
2018,11.203,0.104,11.307
2019,11.080,0.076,11.156
2020,11.584,0.079,11.663
2021,11.045,0.109,11.155
2022,10.429,0.091,10.520
2023,10.189,0.081,10.270
"Table information:"
"Units:"
"Litres, Magnitude = Millions"
""
"Footnotes:"
" "
"Symbols:"
".. figure not available"
"C: Confidential"
"E: Early Estimate"
"P: Provisional"
"R: Revised"
"S: Suppressed"
""
"Status flags are not displayed"
""
"Table reference: "
"ALC016AA"
""
"Last updated:"
"23 May 2024 10:45am"
""
"Source: Statistics New Zealand"
"Contact: Information Centre"
"Telephone: 0508 525 525"
"Email:info@stats.govt.nz"
""
""
""
