"Litres of Alcohol (Annual-Dec)","","",""
"","Spirits containing not more than 23% alcohol","Spirits containing more than 23% alcohol","Total spirits"
2003,2.150,3.961,6.111
2004,2.220,4.629,6.849
2005,2.618,4.449,7.067
2006,3.014,4.427,7.441
2007,3.442,3.902,7.344
2008,3.632,4.405,8.036
2009,3.773,4.409,8.182
2010,4.039,5.289,9.328
2011,4.316,5.380,9.695
2012,4.380,5.412,9.792
2013,4.083,5.468,9.551
2014,3.753,5.370,9.123
2015,3.953,5.171,9.124
2016,4.167,5.571,9.738
2017,4.434,5.641,10.075
2018,4.590,5.949,10.539
2019,4.765,6.233,10.998
2020,4.845,6.533,11.378
2021,5.438,6.690,12.127
2022,5.614,6.717,12.331
2023,5.271,6.809,12.081
"Table information:"
"Units:"
"Litres, Magnitude = Millions"
""
"Footnotes:"
" "
"Symbols:"
".. figure not available"
"C: Confidential"
"E: Early Estimate"
"P: Provisional"
"R: Revised"
"S: Suppressed"
""
"Status flags are not displayed"
""
"Table reference: "
"ALC016AA"
""
"Last updated:"
"23 May 2024 10:45am"
""
"Source: Statistics New Zealand"
"Contact: Information Centre"
"Telephone: 0508 525 525"
"Email:info@stats.govt.nz"
""
""
""
