"0",""
"0","# Combine data for plotting with total consumption"
"0","combinedData <- bind_rows("
"0","  spiritsData %>%"
"0","    select(Year, Total_Spirits) %>%"
"0","    mutate(Type = ""Spirits""),  # Create a new column 'Type' directly"
"0","  beerData %>%"
"0","    select(Year, Total_Beer) %>%"
"0","    mutate(Type = ""Beer"", Total_Beer = Total_Beer),  # Create a new column 'Type' directly"
"0","  wineData %>%"
"0","    select(Year, Total_Wine) %>%"
"0","    mutate(Type = ""Wine"")  # Create a new column 'Type' directly"
"0",")"
"0",""
"0","# Prepare data for the bar chart comparing total consumption of spirits, beer, and wine"
"0","totalData <- combinedData %>%"
"0","  select(Year, Type, Total = Total_Spirits) %>%"
"0","  bind_rows("
"0","    combinedData %>%"
"0","      select(Year, Type, Total = Total_Beer),"
"0","    combinedData %>%"
"0","      select(Year, Type, Total = Total_Wine)"
"0","  )"
"0",""
"0","# Create a bar chart comparing total consumption over time"
"0","total_bar_plot <- ggplot(totalData, aes(x = Year, y = Total, fill = Type)) +"
"0","  geom_bar(stat = ""identity"", position = ""dodge"") +"
"0","  labs(title = ""Total Alcohol Consumption Over Time"","
"0","       x = ""Year"",  # x-axis label"
"0","       y = ""Litres of Alcohol (Millions)"","
"0","       fill = ""Type"") +"
"0","  theme_minimal() +"
"0","  theme(axis.text.x = element_text(angle = 45, hjust = 1))  # Rotate x-axis labels for better visibility"
"0",""
"0","# Display the bar plot"
"0","print(total_bar_plot)"
"2","Warning:"
"2"," [38;5;232mRemoved 126 rows containing missing values or values outside the
scale range (`geom_bar()`).[39m
"
