"0",""
"0","# Create a bar chart for wine"
"0","bar_plot_wine <- ggplot(barData %>% filter(Type == ""Wine""), aes(x = Year, y = Litres, fill = Alcohol_Type)) +"
"0","  geom_bar(stat = ""identity"", position = ""dodge"") +"
"0","  labs(title = ""Comparison of Low and High Alcohol Content Drinks Over Time (Wine)"","
"0","       y = ""Litres of Alcohol (Millions)"","
"0","       fill = ""Alcohol Type"") +"
"0","  theme_minimal() +"
"0","  theme(axis.text.x = element_text(angle = 45, vjust = 1, hjust = 1))  # Adjust angle and spacing"
"0",""
"0","# Display the wine bar plot"
"0","print(bar_plot_wine)"
