"0","# Load necessary libraries"
"0","library(tidyverse)"
"0","library(ggplot2)"
"0",""
"0","# Read the CSV file, skipping the initial rows with metadata"
"0","spiritsData <- read.csv(""ALC183605_20241017_044054_7.csv"", skip = 1)"
"0","beerData <- read.csv(""ALC183605_20241017_062827_8.csv"", skip = 1)"
"0","wineData <- read.csv(""ALC183605_20241017_065841_3.csv"", skip = 1)"
"0",""
"0","# Rename columns"
"0","colnames(spiritsData) <- c(""Year"", ""Low_Alcohol_Spirits"", ""High_Alcohol_Spirits"", ""Total_Spirits"")"
"0","colnames(beerData) <- c(""Year"", ""Low_Alcohol_Beer"", ""High_Alcohol_Beer"", ""Total_Beer"")"
"0","colnames(wineData) <- c(""Year"", ""Low_Alcohol_Wine"", ""High_Alcohol_Wine"", ""Total_Wine"")"
"0",""
"0","# Filter out rows with non-numeric values using a reg-ex pattern that matches numeric values"
"0","spiritsData <- spiritsData %>%"
"0","  filter(grepl(""^[0-9.]+$"", Low_Alcohol_Spirits) & "
"0","         grepl(""^[0-9.]+$"", High_Alcohol_Spirits) & "
"0","         grepl(""^[0-9.]+$"", Total_Spirits))"
"0",""
"0","beerData <- beerData %>%"
"0","  filter(grepl(""^[0-9.]+$"", Low_Alcohol_Beer) & "
"0","         grepl(""^[0-9.]+$"", High_Alcohol_Beer) & "
"0","         grepl(""^[0-9.]+$"", Total_Beer))"
"0",""
"0","wineData <- wineData %>%"
"0","  filter(grepl(""^[0-9.]+$"", Low_Alcohol_Wine) & "
"0","         grepl(""^[0-9.]+$"", High_Alcohol_Wine) & "
"0","         grepl(""^[0-9.]+$"", Total_Wine))"
"0",""
"0","# Convert the columns to numeric"
"0","spiritsData <- spiritsData %>%"
"0","  mutate(across(c(Low_Alcohol_Spirits, High_Alcohol_Spirits, Total_Spirits), as.numeric))"
"0",""
"0","beerData <- beerData %>%"
"0","  mutate(across(c(Low_Alcohol_Beer, High_Alcohol_Beer, Total_Beer), as.numeric))"
"0",""
"0","wineData <- wineData %>%"
"0","  mutate(across(c(Low_Alcohol_Wine, High_Alcohol_Wine, Total_Wine), as.numeric))"
"0",""
"0","# Display cleaned data"
"0","print(spiritsData)"
