"0","# Save the cleaned data for further statistical analysis if needed"
"0","write.csv(spiritsData, ""Cleaned_ALC183605_20241017_044054_7.csv"", row.names = FALSE)"
"0","write.csv(beerData, ""Cleaned_ALC183605_20241017_062827_8.csv"", row.names = FALSE)"
"0","write.csv(wineData, ""Cleaned_ALC183605_20241017_065841_3.csv"", row.names = FALSE)"
"0",""
"0","# Create a bar chart for spirits"
"0","bar_plot_spirits <- ggplot(barData %>% filter(Type == ""Spirits""), aes(x = Year, y = Litres, fill = Alcohol_Type)) +"
"0","  geom_bar(stat = ""identity"", position = ""dodge"") +"
"0","  labs(title = ""Comparison of Low and High Alcohol Content Drinks Over Time (Spirits)"","
"0","       y = ""Litres of Alcohol (Millions)"","
"0","       fill = ""Alcohol Type"") +"
"0","  theme_minimal() +"
"0","  theme(axis.text.x = element_text(angle = 45, vjust = 1, hjust = 1))  # Adjust angle and spacing"
"0",""
"0","# Display the spirits bar plot"
"0","print(bar_plot_spirits)"
