"0",""
"0","# Combine all datasets into one for easier plotting"
"0","combined_sd <- bind_rows(spirits_sd, beer_sd, wine_sd)"
"0",""
"0","# Plot the standard deviations using ggplot2"
"0","ggplot(combined_sd, aes(x = Category, y = Standard_Deviation, fill = Dataset)) +"
"0","  geom_bar(stat = ""identity"", position = ""dodge"") +"
"0","  labs(title = ""Standard Deviations of Alcohol Consumption by Category"","
"0","       x = ""Category"","
"0","       y = ""Standard Deviation"") +"
"0","  theme_minimal() +"
"0","  theme(axis.text.x = element_text(angle = 45, hjust = 1))"
