"0",""
"0","# Function to calculate standard deviations for spirits data and return as a data frame"
"0","calculate_sd_spirits <- function(data) {"
"0","  data.frame("
"0","    Category = c(""Low Alcohol Spirits"", ""High Alcohol Spirits"", ""Total Spirits""),"
"0","    Standard_Deviation = c("
"0","      sd(data$Low_Alcohol_Spirits, na.rm = TRUE),"
"0","      sd(data$High_Alcohol_Spirits, na.rm = TRUE),"
"0","      sd(data$Total_Spirits, na.rm = TRUE)"
"0","    ),"
"0","    Dataset = ""Spirits"""
"0","  )"
"0","}"
"0",""
"0","# Function to calculate standard deviations for beer data and return as a data frame"
"0","calculate_sd_beer <- function(data) {"
"0","  data.frame("
"0","    Category = c(""Low Alcohol Beer"", ""High Alcohol Beer"", ""Total Beer""),"
"0","    Standard_Deviation = c("
"0","      sd(data$Low_Alcohol_Beer, na.rm = TRUE),"
"0","      sd(data$High_Alcohol_Beer, na.rm = TRUE),"
"0","      sd(data$Total_Beer, na.rm = TRUE)"
"0","    ),"
"0","    Dataset = ""Beer"""
"0","  )"
"0","}"
"0",""
"0","# Function to calculate standard deviations for wine data and return as a data frame"
"0","calculate_sd_wine <- function(data) {"
"0","  data.frame("
"0","    Category = c(""Low Alcohol Wine"", ""High Alcohol Wine"", ""Total Wine""),"
"0","    Standard_Deviation = c("
"0","      sd(data$Low_Alcohol_Wine, na.rm = TRUE),"
"0","      sd(data$High_Alcohol_Wine, na.rm = TRUE),"
"0","      sd(data$Total_Wine, na.rm = TRUE)"
"0","    ),"
"0","    Dataset = ""Wine"""
"0","  )"
"0","}"
"0",""
"0","# Create data frames for each dataset"
"0","spirits_sd <- calculate_sd_spirits(spiritsData)"
"0","beer_sd <- calculate_sd_beer(beerData)"
"0","wine_sd <- calculate_sd_wine(wineData)"
"0",""
"0","# Print the data frames"
"0","print(spirits_sd)"
